<?xml version="1.0" encoding="UTF-8"?>
<beans xmlns="http://www.springframework.org/schema/beans"
	xmlns:xsi="http://www.w3.org/2001/XMLSchema-instance" 
	xmlns:aop="http://www.springframework.org/schema/aop"
	xmlns:tx="http://www.springframework.org/schema/tx" 
	xmlns:context="http://www.springframework.org/schema/context"
	xsi:schemaLocation="http://www.springframework.org/schema/beans
        http://www.springframework.org/schema/beans/spring-beans.xsd
        http://www.springframework.org/schema/aop
        http://www.springframework.org/schema/aop/spring-aop.xsd
        http://www.springframework.org/schema/context
        http://www.springframework.org/schema/context/spring-context.xsd
        http://www.springframework.org/schema/tx
        http://www.springframework.org/schema/tx/spring-tx.xsd">
	<context:component-scan base-package="service.impl"></context:component-scan>
	<context:property-placeholder  location="classpath:db.properties"/>
	<!-- 加载数据源 -->
	<bean id="dataSource" class="org.springframework.jdbc.datasource.DriverManagerDataSource">
		<property name="driverClassName" value="${jdbc.driver}"></property>
    	<property name="url" value="${jdbc.url}"></property>
    	<property name="username" value="${jdbc.username}"></property>
    	<property name="password" value="${jdbc.password}"></property>
	</bean>
	<!-- SqlSessionFactory -->
    <bean id="factory" class="org.mybatis.spring.SqlSessionFactoryBean">
    	<property name="dataSource" ref="dataSource"></property>
    	<property name="configLocation" value="classpath:mybatis-config.xml" />
    </bean>
    <!-- 扫描器，相当于mybatis.xml中的mappers标签下的package标签,扫描对应的包后会给对应的接口创建对象 -->
	<bean class="org.mybatis.spring.mapper.MapperScannerConfigurer" >
		<!-- 获取要扫描的包 -->
		<property name="basePackage" value="mapper"></property>
		<!-- 和上面的factory产生关系 -->
		<property name="sqlSessionFactoryBeanName" value="factory"></property>
	</bean>
</beans>